{"playerPos":{"x":25.85358428955078,"y":2.434217691421509,"z":-2.0199999809265138},"playerHp":100,"sceneName":"PlayerShoot"}