{"playerPos":{"x":47.51612091064453,"y":2.434217691421509,"z":-2.0199999809265138},"playerHp":100}