{"playerPos":{"x":25.853666305541993,"y":2.434217691421509,"z":-2.0199999809265138},"playerHp":100}