{"playerPos":{"x":24.47903060913086,"y":2.434217691421509,"z":-2.0199999809265138},"playerHp":0}