{"playerPos":{"x":27.63665008544922,"y":2.434217929840088,"z":-2.0199999809265138},"playerHp":500,"sceneName":"PlayerShoot"}