{"playerPos":{"x":153.77133178710938,"y":7.362444877624512,"z":-2.0199999809265138},"playerHp":100}