{"playerPos":{"x":5.001021385192871,"y":-0.8737518787384033,"z":-2.0199999809265138},"playerHp":100}