{"playerPos":{"x":94.10758972167969,"y":6.110044479370117,"z":-2.0199999809265138},"playerHp":100}